{
    "food_labels": [
        "Number of people",
        "Tummy rumble sensor",
        "Bread and rolls",
        "Pasta (Raw)",
        "Breakfast cereals",
        "Fine bakery wares",
        "Vegetables and vegetable products (including fungi",
        "Root vegetables",
        "Bulb vegetables",
        "Fruiting vegetables",
        "Brassica vegetables",
        "Leaf vegetables",
        "Legume vegetables",
        "Stem vegetables (Fresh)",
        "Cocoa beans and cocoa products",
        "Vegetable products",
        "Fungi, cultivated",
        "Fungi, wild, edible",
        "Potatoes and potatoes products",
        "Other starchy roots and tubers",
        "Legumes, beans, green, without pods",
        "Legumes, beans, dried",
        "Tree nuts",
        "Oilseeds",
        "Citrus fruits",
        "Pome fruits",
        "Stone fruits",
        "Berries and small fruits",
        "Miscellaneous fruits",
        "Dried fruits",
        "Jam, marmalade and other fruit spreads"
    ],
    "kitchen_labels": [
        "0000",
        "0001",
        "0002",
        "0003",
        "0004",
        "0005",
        "0006",
        "0007",
        "0008",
        "0009"
    ],
    "kitchen_data": [
        {
            "kitchen_label": 0,
            "food_data": [
                2,
                88.71992310538303,
                600,
                390.00000000000085,
                120,
                374.9999999999992,
                0,
                190.00000000000034,
                110,
                358.50000000000074,
                307.0000000000003,
                425,
                203,
                307.0000000000003,
                70.00000000000017,
                307.0000000000003,
                154.00000000000026,
                0,
                277,
                0,
                227.00000000000057,
                70.00000000000017,
                150.00000000000006,
                79.99999999999987,
                120,
                350,
                102,
                176,
                87.5,
                17.499999999999954,
                150.00000000000006
            ],
            "time_stamp": "2024-03-22 21:41:55.274628"
        },
        {
            "kitchen_label": 1,
            "food_data": [
                2,
                75.7509820441201,
                1000,
                700,
                200,
                700,
                500,
                300,
                200,
                600,
                500,
                200,
                200,
                300,
                100,
                500,
                200,
                200,
                600,
                1300,
                200,
                300,
                200,
                100,
                400,
                600,
                500,
                400,
                600,
                100,
                100
            ],
            "time_stamp": "2024-03-22 21:42:09.623056"
        },
        {
            "kitchen_label": 2,
            "food_data": [
                2,
                75.7509820441201,
                1000,
                700,
                200,
                700,
                500,
                300,
                200,
                600,
                500,
                200,
                200,
                300,
                100,
                500,
                200,
                200,
                600,
                1300,
                200,
                300,
                200,
                100,
                400,
                600,
                500,
                400,
                600,
                100,
                100
            ],
            "time_stamp": "2024-03-22 21:42:09.623056"
        },
        {
            "kitchen_label": 3,
            "food_data": [
                1,
                99.92354640743353,
                300,
                200,
                200,
                200,
                100,
                100,
                100,
                100,
                100,
                100,
                100,
                100,
                100,
                100,
                100,
                100,
                100,
                300,
                100,
                100,
                100,
                100,
                100,
                200,
                100,
                400,
                200,
                100,
                100
            ],
            "time_stamp": "2024-03-22 21:42:09.623056"
        },
        {
            "kitchen_label": 4,
            "food_data": [
                1,
                63.51234108022483,
                299.9999999999995,
                219.99999999999858,
                60,
                204,
                175.99999999999946,
                119.99999999999947,
                99.99999999999989,
                385.9999999999968,
                175.99999999999946,
                40.00000000000026,
                92.0000000000001,
                56.000000000000504,
                80.00000000000045,
                175.99999999999946,
                99.99999999999989,
                120,
                136,
                320.0000000000021,
                60,
                119.99999999999947,
                40.00000000000026,
                59.999999999999616,
                99.99999999999916,
                200,
                100.00000000000014,
                604,
                200,
                68,
                59.99999999999974
            ],
            "time_stamp": "2024-03-22 21:42:09.623056"
        },
        {
            "kitchen_label": 5,
            "food_data": [
                2,
                56.48400905078806,
                2000,
                1400,
                500,
                1400,
                1000,
                600,
                400,
                1200,
                1000,
                1400,
                400,
                200,
                100,
                200,
                400,
                1000,
                1100,
                2600,
                500,
                600,
                300,
                100,
                800,
                1200,
                1000,
                900,
                1200,
                300,
                300
            ],
            "time_stamp": "2024-03-22 21:42:09.623056"
        },
        {
            "kitchen_label": 6,
            "food_data": [
                2,
                52.108426871905536,
                300.0000000000012,
                139.9999999999986,
                20,
                208,
                152.00000000000023,
                4,
                99.99999999999916,
                131.99999999999963,
                152.00000000000023,
                20.00000000000013,
                84.00000000000084,
                112.00000000000101,
                59.999999999999616,
                152.00000000000023,
                99.99999999999916,
                140,
                79.9999999999999,
                340.00000000000233,
                20,
                40.00000000000008,
                20.00000000000013,
                60,
                99.99999999999872,
                200,
                36,
                136,
                200,
                36,
                20.00000000000004
            ],
            "time_stamp": "2024-03-22 21:42:09.623056"
        },
        {
            "kitchen_label": 7,